config_name,val_accuracy,test_accuracy,val_f1_macro,test_f1_macro,n_features,stage
biomedical_bpe_30k,0.49333333333333335,0.5666666666666667,0.3052937754508435,0.3710451896980394,20000,stage5_downstream_classification
bert_base,0.47333333333333333,0.56,0.2825540472599296,0.3581593556963015,20000,stage5_downstream_classification
biobert,0.4533333333333333,0.5533333333333333,0.2817942942942943,0.35206966282860797,20000,stage5_downstream_classification
